"object_name","filename","lineno","listlabel"
parse_udp_inner,entryv2.p4,203,pif_parrep_state_parse_udp_inner
parse_tcp_inner,entryv2.p4,208,pif_parrep_state_parse_tcp_inner
parse_udp,entryv2.p4,156,pif_parrep_state_parse_udp
parse_gtp_ext,entryv2.p4,173,pif_parrep_state_parse_gtp_ext
start,entryv2.p4,131,pif_parrep_state_start
parse_pdu_container,entryv2.p4,181,pif_parrep_state_parse_pdu_container
parse_ipv6_inner,entryv2.p4,194,pif_parrep_state_parse_ipv6_inner
parse_srv6,entryv2.p4,151,pif_parrep_state_parse_srv6
parse_gtp,entryv2.p4,163,pif_parrep_state_parse_gtp
parse_ipv6_outer,entryv2.p4,142,pif_parrep_state_parse_ipv6_outer
_condition_0,entryv2.p4,316,pif_ctlflow_state_ingress_flow__condition_0
ingress::ipv6_outer_lpm,entryv2.p4,278,pif_ctlflow_state_ingress_flow_ingress::ipv6_outer_lpm
ingress::teid_exact,entryv2.p4,292,pif_ctlflow_state_ingress_flow_ingress::teid_exact
ingress::ipv6_forward,entryv2.p4,236,pif_action_state_ingress::ipv6_forward
ingress::srv6_t_insert_2,entryv2.p4,255,pif_action_state_ingress::srv6_t_insert_2
ingress::srv6_t_insert_3,entryv2.p4,265,pif_action_state_ingress::srv6_t_insert_3
ingress::drop,entryv2.p4,232,pif_action_state_ingress::drop
